{
    "fecha": "2024-11-19",
    "pendiente": 124.80775094728561,
    "intercepto": 1426.4642191119492
}