{
    "fecha": "2024-10-16",
    "pendiente": 295.89061526693615,
    "intercepto": 91.57882945146423
}