{
    "fecha": "2024-11-04",
    "pendiente": 276.25940074574527,
    "intercepto": 130.897037452087
}