{
    "fecha": "2024-11-19",
    "pendiente": 260.1226208352674,
    "intercepto": 203.73240637127293
}